ID,TARGET
1,3533.1
2,2701.22
3,1445.88
4,1738.65
5,10772.97
6,17547.83
7,3436.09
8,386.44
9,5727.67
10,7750.09
11,3626.27
12,13574.82
13,4101.57
14,4112.46
15,2420.4
16,1763.11
17,4561.11
18,5819.79
19,2813.65
20,492.06
21,2528.02
22,3001.39
23,4516.82
24,2472.37
25,15586.96
26,20050.35
27,5760.86
28,9003.86
29,1398.72
30,520.53
31,2791.64
32,1715.62
33,18014.84
34,1152.05
35,9245.88
36,4031.91
37,424.65
38,785.34
39,2538.3
40,14259.56
41,1142.17
42,4247.25
43,1091.75
44,19921.54
45,539.16
46,4197.66
47,369.09
48,3498.56
49,1824.08
50,2656.52
51,28183.57
52,2615.61
53,8078.47
54,1124.33
55,1189.29
56,5529.33
57,727.23
58,4443.45
59,2586.15
60,4773.93
61,3956.16
62,1345.53
63,2245.81
64,1837.93
65,2616.27
66,1685.99
67,3641.11
68,546.05
69,2473.7
70,1357.47
71,8132.66
72,5796.43
73,1560.69
74,9218.09
75,2600.17
76,4106.84
77,1879
78,2070.03
79,6792.99
80,21174.47
81,5697.57
82,7306.96
83,847.87
84,1398.52
85,1423.54
86,2463.51
87,8262.35
88,5346.41
89,15682.21
90,964.89
91,8137.69
92,1999.07
93,969.11
94,10738.5
95,2776.73
96,2116.16
97,8778.18
98,1640.16
99,1771.4
100,4156.28
101,1425.5
102,1692.17
103,2801.05
104,3827.76
105,5236.75
106,19377.17
107,255.61
108,15116.71
109,3165.2
110,5805.59
111,2719.72
112,1004.93
113,1107.71
114,9940.64
115,48355.34
116,3634.73
117,896.53
118,2762.91
119,14893.7
120,1765.32
121,910.81
122,2261.94
123,790.86
124,5805.37
125,6175.65
126,2650.56
127,8448.31
128,1765.09
129,109.9
130,12918.73
131,3545.09
132,2146.05
133,2153.77
134,4842.68
135,2987.45
136,246.41
137,2145.24
138,7310.25
139,1412.41
140,3665.4
141,4734.02
142,1228.1
143,339.92
144,22752.31
145,2063.13
146,1435.58
147,1504.05
148,2820.61
149,2901.67
150,4040.69
151,1699.98
152,2493
153,3012.49
154,2562.55
155,3961.72
156,340.69
157,8407.96
158,2193.34
159,1386.68
160,2202.3
161,3186.53
162,8790.12
163,2167.69
164,2930.56
165,513
166,2196.82
167,12096.9
168,6052.93
169,1139.05
170,4279.21
171,4277.85
172,1677.51
173,4506.08
174,2100.24
175,5073.39
176,15841.63
177,5101.81
178,2369.55
179,8092.59
180,6734.33
181,2749.95
182,8578.82
183,6828.19
184,3955.36
185,970.49
186,879.11
187,1436.48
188,5411.26
189,5872.7
190,5684.25
191,22982.49
192,1227.52
193,119.78
194,3949.55
195,1503.83
196,803.02
197,4766.88
198,2825.33
199,4367.61
200,4208.81
201,1845.92
202,5714.74
203,5894.41
204,5664.34
205,1514.81
206,1457.43
207,2493.34
208,11502.26
209,1846.09
210,2534.33
211,1454.39
212,1206.56
213,6386
214,2342.66
215,1833
216,773.59
217,859.39
218,738.17
219,2381.66
220,1790.57
221,15653.92
222,4196.16
223,1316.86
224,4601.85
225,4884.74
226,3569.21
227,7256.56
228,3208.34
229,545.17
230,1635.05
231,2746.74
232,3414.11
233,5534.23
234,963.95
235,876.21
236,525.4
237,1953.32
238,23944.32
239,1861.36
240,2573.92
241,1227.51
242,501.44
243,12728.94
244,4086.14
245,763.41
246,3391.73
247,10208.19
248,36937.9
249,3886.98
250,4495.72
251,6998.4
252,1544.77
253,10686.85
254,1741.99
255,430.73
256,1121.87
257,2653.72
258,2192.02
259,4065.92
260,1575.19
261,8272.57
262,6668.1
263,11421.76
264,3846.67
265,281.12
266,13578.83
267,1020.33
268,4288.1
269,1334.13
270,2565.26
271,599.41
272,6697.82
273,10449.36
274,9243.95
275,7745.16
276,8288.85
277,6244.52
278,1190.81
279,1805.92
280,6364.21
281,4044.72
282,1198.63
283,10063.12
284,3017.44
285,2769.91
286,3485.3
287,1094.46
288,332.01
289,13386.07
290,4125.01
291,7393.33
292,930.11
293,13286.02
294,4573.08
295,2940.14
296,2238.85
297,5863.72
298,4729.22
299,4287.08
300,1152.11
301,1874.19
302,1791.34
303,4476.69
304,1462.89
305,6216.36
306,17660.74
307,18497.49
308,1188.94
309,3164.66
310,3832.05
311,1229.63
312,3663.68
313,10621.5
314,2339.86
315,18914.33
316,1677.57
317,2204.88
318,6734
319,9732.52
320,752.44
321,4973.78
322,866.19
323,579.14
324,4300.12
325,5388.27
326,8764.46
327,5509.38
328,5627.75
329,3250.4
330,12245.62
331,3366.39
332,7377.19
333,710.45
334,899.7
335,7983.06
336,744.92
337,5595.13
338,11004.59
339,13090.51
340,12073.75
341,4579.27
342,2112.43
343,22601.17
344,6234.67
345,1998.01
346,7349.48
347,294.59
348,4309.19
349,7687.15
350,16093.83
351,708.23
352,1859.28
353,463.66
354,2356
355,2515.64
356,786.32
357,9747.4
358,2058.66
359,1517.21
360,4741.05
361,2335.94
362,4484.27
363,2868.38
364,5622.18
365,3077.07
366,7582.02
367,1179.21
368,1419.94
369,5679.94
370,6978.72
371,1612.24
372,2815.56
373,2037.37
374,3413.78
375,10906.5
376,1921.33
377,2944.97
378,9236.1
379,6912.81
380,1991.7
381,1280.56
382,2949.24
383,4290.34
384,6513.96
385,1041.33
386,3405.9
387,781.4
388,7976.17
389,758.2
390,10805.07
391,9027.18
392,3095.33
393,3258.73
394,5136.62
395,6508.83
396,699.81
397,789.03
398,1283.64
399,1022.51
400,4823.56
401,1814.8
402,3316.79
403,2644.15
404,2169.59
405,7506.09
406,3018.23
407,3499.15
408,756.61
409,1457.55
410,2584.24
411,5542.67
412,6705.32
413,1366.12
414,3572.87
415,9228.37
416,3905.64
417,1529.12
418,3983.04
419,7642.6
420,2222.45
421,569.85
422,490.78
423,3645.61
424,1124.19
425,1778.98
426,1403.65
427,2993.29
428,2625.11
429,434
430,10337.18
431,924.79
432,4522.96
433,6265.95
434,8429.38
435,2346.88
436,1082.12
437,3665.59
438,8463.52
439,5955.12
440,10901.29
441,1068.68
442,32970.15
443,9313.29
444,5566.92
445,1755.02
446,2819.87
447,449.45
448,568.47
449,544.5
450,11252.63
451,3164.43
452,1546.94
453,1490.63
454,1649.87
455,2511.25
456,6683.85
457,6414.43
458,1947.92
459,8963.07
460,9187.01
461,5314.75
462,971.85
463,1441.28
464,2707.04
465,1227.59
466,3865.9
467,1000.19
468,10812.33
469,5005.28
470,9742.59
471,1582.08
472,903.89
473,7542.06
474,3975.72
475,2857.87
476,38256.33
477,1230.33
478,5069.76
479,6413.14
480,3440.37
481,1568.93
482,2211.08
483,596.82
484,27891.97
485,3279.06
486,3470.76
487,399.91
488,1285.28
489,9583.43
490,5535.13
491,18194.19
492,4331.03
493,10460.54
494,9250.18
495,1266.59
496,3998.2
497,1124.86
498,16060.19
499,5612.59
500,2857.51
501,1495.5
502,1632.02
503,2266.93
504,17930.01
505,1252.14
506,6612.33
507,1458.14
508,6034.68
509,3288.46
510,5848.09
511,456.36
512,1939.06
513,3270.49
514,1863.89
515,228.3
516,4289.83
517,2364.91
518,1764.28
519,7031.71
520,1151.43
521,18607.01
522,9722.99
523,493.41
524,6439.26
525,8659.75
526,2436.82
527,627.41
528,15515.15
529,2279.73
530,1808.72
531,11478.86
532,12985.55
533,4327.54
534,3397.95
535,2977.21
536,15777.23
537,7309.12
538,4723.54
539,4228.11
540,2507.21
541,16578.6
542,3018.36
543,2735.41
544,958.86
545,225.7
546,768.95
547,1180.74
548,1345.14
549,29663.9
550,3268.48
551,3211.68
552,2375.7
553,8985.46
554,3325.43
555,23482.68
556,4503.44
557,2469.17
558,2565.88
559,25625.11
560,5807.94
561,806.07
562,8820.81
563,1557.09
564,8161.3
565,6004.3
566,1867.55
567,3168.88
568,1321.56
569,6816.42
570,6445.21
571,851.69
572,3258.13
573,4733.45
574,3597.48
575,5571.42
576,5153.88
577,1398.88
578,6696.77
579,6748.45
580,3248.44
581,16261.58
582,4385.08
583,1319.82
584,5165.58
585,4679.83
586,6699.93
587,14065.54
588,3225.42
589,1448.01
590,2946.64
591,1849.91
592,2152.98
593,6587.71
594,1154.4
595,4306.09
596,6317.35
597,5777.14
598,5152.72
599,5663.97
600,1219.44
601,3903.92
602,852.52
603,2075.32
604,5431.44
605,247.31
606,11740.85
607,4348.41
608,2423.74
609,9520.46
610,1647.3
611,22060.37
612,1912.25
613,1781.96
614,4386.25
615,9162.42
616,1552.81
617,11765.61
618,3039.83
619,1237.13
620,905.65
621,17958.32
622,619.24
623,5830.75
624,3010.57
625,5696.29
626,11963.72
627,2605.76
628,13777.69
629,2410.71
630,7596.2
631,32709.56
632,2782.24
633,1184.5
634,6136.29
635,3149.67
636,479.02
637,16640.27
638,22252.26
639,2602.94
640,4594.95
641,15530.36
642,7103.47
643,6782.95
644,1281.44
645,8055.21
646,292.54
647,2787.68
648,2690.19
649,1339.47
650,724.16
651,11763.56
652,10397.92
653,1303.21
654,16471.76
655,3599.56
656,1911.82
657,6603.4
658,5741.77
659,8048.45
660,1659.21
661,2327.13
662,4222.76
663,5893.91
664,1480.8
665,1126.76
666,1846.13
667,1224.73
668,6789.87
669,1116.58
670,797.2
671,2592.56
672,4866.86
673,3670.76
674,3247.28
675,3441.78
676,1911.99
677,45050.53
678,1665.72
679,1577.15
680,3782.92
681,2354.49
682,2172.43
683,1376.07
684,4437.97
685,5513.82
686,4465.54
687,4237.75
688,549.56
689,1247.7
690,922.38
691,5640.03
692,1917.58
693,7597.02
694,52977.63
695,1418.72
696,11677.94
697,3307.75
698,3910.41
699,13104.55
700,1471.08
701,1842.68
702,1568.01
703,12426.05
704,2798.29
705,1223.19
706,7397.91
707,2238.05
708,6523.75
709,33725.89
710,1747.36
711,5055.16
712,2538.92
713,2225.66
714,4821.31
715,1135.22
716,11038.51
717,3751.78
718,3502.54
719,3605.41
720,2842.99
721,798.26
722,1540.06
723,3036.97
724,3803.9
725,10105.8
726,1310.77
727,6259.29
728,3067.4
729,5713.42
730,3550.9
731,2058
732,5219.68
733,1905.74
734,7841.11
735,10175.69
736,742.45
737,1190.46
738,2643.08
739,3835.29
740,4515.24
741,560.01
742,2433.38
743,2588.19
744,1721.13
745,1246.01
746,8547
747,2473.63
748,3724.18
749,8390.25
750,4797.63
751,920.9
752,2723.14
753,17289.24
754,9305.05
755,2194.42
756,11358.07
757,2008.74
758,5317.44
759,7341.54
760,3571.06
761,209.03
762,7153.54
763,1386.41
764,504.13
765,2322.52
766,1964.64
767,19111.77
768,10812.47
769,18520.61
770,1684.03
771,502.19
772,4177.42
773,7565.3
774,751.42
775,2818.25
776,5425.54
777,4727.28
778,2584.24
779,2528.92
780,8169.05
781,3649.74
782,3782.28
783,5740.81
784,2466.57
785,1780.93
786,3387.49
787,1735.46
788,13348.29
789,2631.82
790,3057.72
791,1321.36
792,1421.19
793,23080.38
794,1382.56
795,5330.37
796,2452.37
797,555.33
798,260.02
799,1950.62
800,3329.71
801,16990.65
802,1281.31
803,1871.07
804,3295.05
805,11507.85
806,2479.64
807,1007.84
808,2260.94
809,4448.94
810,2787.44
811,7416.14
812,18053.76
813,9667.97
814,2463.5
815,2559.94
816,1213.54
817,386.87
818,9058
819,902.89
820,3763.09
821,10308.51
822,1604.15
823,1745.65
824,11053.22
825,20518.71
826,8561.88
827,2208.01
828,1025.39
829,1904.49
830,932.07
831,3026.67
832,1721.13
833,8598.95
834,1721.72
835,2644.65
836,6161.16
837,2645.89
838,2216.08
839,4870.92
840,4972.93
841,10489.62
842,13230.21
843,527.49
844,2238.27
845,2354.33
846,14372.95
847,1698.45
848,7746.95
849,1943.9
850,7121.13
851,4111.21
852,6276.9
853,1562.15
854,1804.51
855,4525.31
856,5336.75
857,1616.62
858,2651.56
859,7455.07
860,5266.95
861,2162.87
862,3780.73
863,1404.7
864,14638.05
865,9410.51
866,3372.33
867,2781.85
868,2151.38
869,9369.88
870,4479.06
871,2327.37
872,2101.1
873,1257.28
874,1345.79
875,6136.79
876,1585.37
877,11619.44
878,1799.01
879,2002.03
880,2043.77
881,7808.4
882,2299.45
883,4221.33
884,1262.41
885,2521.57
886,9448.07
887,929.63
888,2336.11
889,2786.68
890,7655.17
891,1898.91
892,5644.77
893,17297.13
894,3058.76
895,1632.01
896,591.4
897,1840.63
898,1499.69
899,14287.84
900,1113.37
901,1110.63
902,432.56
903,798.32
904,451.84
905,8708.27
906,8400.23
907,1735.82
908,2996.39
909,3326.69
910,1523.73
911,1719.48
912,59097.58
913,2266.89
914,575.39
915,797.67
916,1839.47
917,1165.95
918,949.59
919,1436.42
920,537.89
921,1251.76
922,2998.14
923,512.44
924,4942.51
925,1704.6
926,10141.82
927,4603.78
928,3971.79
929,7423.07
930,3557.85
931,1557.05
932,3922.78
933,48013.84
934,1890.03
935,3349.75
936,5820.78
937,1333.11
938,1904.85
939,4372.55
940,5312.41
941,25499.05
942,2256.27
943,2024.05
944,7520.56
945,2955.01
946,4649.19
947,1989.53
948,333.18
949,849.91
950,20074.83
951,7630.27
952,883.33
953,5188.12
954,3042.04
955,855.38
956,19962.15
957,3859.23
958,1359.14
959,3042.75
960,1932.4
961,420.35
962,993.96
963,464.35
964,3806.7
965,1442.86
966,2399.92
967,5744.21
968,3226.6
969,361.22
970,5300.98
971,2587.46
972,1232.69
973,2135.61
974,15025.78
975,2141.61
976,2790.5
977,2928.44
978,38631.85
979,708.64
980,8480.29
981,1450.97
982,7558.39
983,1497.77
984,917.02
985,8437.04
986,9282.39
987,6531.19
988,25231.31
989,8187.24
990,6567.91
991,5333.14
992,2201.16
993,1616.5
994,8043.88
995,829.17
996,6151.72
997,2890.97
998,1408.88
999,407.47
1000,2676.19
1001,41819.6
1002,1693.42
1003,801.84
1004,9406.34
1005,9536.98
1006,1288.16
1007,101956.46
1008,965.27
1009,3686.84
1010,819.63
1011,2165.19
1012,4579.03
1013,791.47
1014,1375.89
1015,1134.27
1016,1931.09
1017,4087.89
1018,1172.44
1019,375.28
1020,2194.85
1021,7956.05
1022,4823.9
1023,7575.02
1024,1754.67
1025,2380.24
1026,753.9
1027,1921.03
1028,3037.86
1029,4452.34
1030,3404.86
1031,356.11
1032,4312.14
1033,13815.55
1034,70.68
1035,5374.98
1036,1601.57
1037,2075.24
1038,8105.86
1039,3337.26
1040,2372.73
1041,3846.9
1042,4765.23
1043,1278.29
1044,3761.23
1045,3342.06
1046,1059.8
1047,1487.82
1048,2768.93
1049,2580.97
1050,786.98
1051,5513.13
1052,18576.7
1053,392.19
1054,820.08
1055,2307.73
1056,759.41
1057,3474.05
1058,735.37
1059,873.79
1060,219.21
1061,2795.01
1062,753.78
1063,3314.82
1064,1066.4
1065,2479.7
1066,2118.64
1067,1430.58
1068,10602.6
1069,13317.25
1070,1862.94
1071,4868.81
1072,18254.03
1073,3748.09
1074,21522.97
1075,3402.31
1076,1332.76
1077,5403.07
1078,912.76
1079,3744.43
1080,5197.32
1081,9683.57
1082,851.79
1083,1251.08
1084,1195.56
1085,1867.51
1086,2096.84
1087,1605.16
1088,4676.28
1089,1179.56
1090,1217.1
1091,774.91
1092,4993.44
1093,1522.38
1094,938.63
1095,4553.8
1096,2105.51
1097,5650.69
1098,5268.49
1099,1434.12
1100,2036.71
1101,806.68
1102,3939.28
1103,3250.29
1104,3576.34
1105,611.2
1106,819.14
1107,4911.53
1108,1425.07
1109,1762.35
1110,2645.57
1111,1760.69
1112,18168.71
1113,2808.94
1114,20231.87
1115,1721.31
1116,6147.05
1117,957.3
1118,379.37
1119,7489.9
1120,4171.82
1121,7506.26
1122,2594.32
1123,5579.86
1124,2617.75
1125,2364.89
1126,2225.59
1127,416.34
1128,8156.68
1129,4058.55
1130,3708.72
1131,4574.46
1132,3713.05
1133,27554.09
1134,2120.34
1135,42337.93
1136,408.49
1137,2547.66
1138,6083.1
1139,10947.21
1140,2593.34
1141,3455.31
1142,3583.87
1143,473.28
1144,350.69
1145,2833.31
1146,1836.96
1147,8845.9
1148,15173.36
1149,2450.02
1150,5914.8
1151,5059.15
1152,2758.19
1153,2151.43
1154,3279.31
1155,4601.32
1156,2305.05
1157,2654.82
1158,2228.43
1159,718.62
1160,3383.59
1161,30419.86
1162,6058.13
1163,1988.07
1164,3325.34
1165,1061.34
1166,621.05
1167,497.68
1168,4679.9
1169,2353.91
1170,9009.64
1171,4077.21
1172,3493.04
1173,5296.52
1174,1010.48
1175,11737.57
1176,8334.41
1177,1312.12
1178,3493.08
1179,10259.85
1180,44429.81
1181,1299.97
1182,1130.87
1183,2288.33
1184,10451.22
1185,3655.66
1186,7934.34
1187,3683.68
1188,2434.9
1189,4362.83
1190,370.14
1191,2742.31
1192,11174.32
1193,4673.23
1194,10338.7
1195,4620.47
1196,1123.24
1197,472.9
1198,1965.47
1199,7365.36
1200,8299.54
1201,3233.1
1202,7095.26
1203,1197.14
1204,1230.83
1205,1848.75
1206,1233.67
1207,3003.09
1208,5270.12
1209,2502.9
1210,2677.29
1211,1343.49
1212,594.13
1213,9400.67
1214,1299.98
1215,522.37
1216,400.98
1217,4042.04
1218,1424.7
1219,6923.68
1220,2111.12
1221,246.1
1222,12478.94
1223,1504.54
1224,1656.34
1225,2347.39
1226,327.05
1227,915.2
1228,2972.88
1229,362.84
1230,2766.56
1231,290.75
1232,3084
1233,651.57
1234,847.03
1235,2017.68
1236,2911.74
1237,5706.85
1238,2399.85
1239,8162.39
1240,1729.19
1241,6743.99
1242,1914.63
1243,3318.72
1244,821.79
1245,1005.73
1246,3701.45
1247,4555.5
1248,30785.83
1249,1446.94
1250,45720.64
1251,2781.86
1252,5895.91
1253,1547.76
1254,733
1255,2217.97
1256,10939.39
1257,10901.2
1258,9746.83
1259,326.65
1260,1410.31
1261,96.19
1262,2236.1
1263,1894.51
1264,4133.02
1265,5963.87
1266,2099.05
1267,986.75
1268,6186.8
1269,2585.97
1270,9494.52
1271,1153.18
1272,4358.8
1273,12817.03
1274,11058.33
1275,1023.42
1276,2076.53
1277,1707.32
1278,1619.04
1279,2133.75
1280,5115.16
1281,14564.57
1282,1299.37
1283,3204.32
1284,881.56
1285,9150.21
1286,2619.48
1287,7662.52
1288,4951.43
1289,6598.84
1290,245.26
1291,5120.72
1292,6057.4
1293,415.56
1294,3862.04
1295,7066.91
1296,5585.14
1297,6359.73
1298,5750.42
1299,5891.28
1300,7421.76
1301,7144.28
1302,3723.42
1303,3610.56
1304,35133.62
1305,9655.03
1306,1023.72
1307,1391.22
1308,8009.69
1309,325.35
1310,1862.33
1311,3470.47
1312,5703.97
1313,6679.49
1314,15432.1
1315,2757.85
1316,2314.74
1317,1272.29
1318,15439.1
1319,1513.79
1320,16656.49
1321,3738.36
1322,33887.26
1323,1007.2
1324,1059.42
1325,8848.02
1326,1501.16
1327,1528.65
1328,1824.64
1329,346.56
1330,1287.7
1331,2430.22
1332,738.42
1333,779
1334,707.82
1335,1799.43
1336,4350.28
1337,923
1338,11661.14
1339,431.31
1340,6402.2
1341,1906.23
1342,3162.49
1343,4279.21
1344,1448.18
1345,1162.82
1346,3080.75
1347,6051.11
1348,65699.5
1349,1068.98
1350,1558.54
1351,484.46
1352,9078.58
1353,14208.46
1354,3482.79
1355,5810.5
1356,4144.88
1357,1880.31
1358,11265.63
1359,694.53
1360,1651.22
1361,625.6
1362,3942.84
1363,1360.46
1364,2268.21
1365,900.26
1366,14378.4
1367,2427.11
1368,2389.69
1369,3485.6
1370,1544.87
1371,2716.15
1372,2785.62
1373,3034.76
1374,5572.49
1375,3093.57
1376,4167.45
1377,1598.15
1378,2814.21
1379,18430.37
1380,1482.38
1381,3450.18
1382,5419.46
1383,11714.93
1384,1635.82
1385,1143.97
1386,13481
1387,4905.66
1388,959.31
1389,3089.17
1390,1068.53
1391,1652.17
1392,8384.47
1393,2461.67
1394,3053.75
1395,4825.21
1396,2152.99
1397,3807.46
1398,1328.36
1399,37990.6
1400,446.19
1401,2186.89
1402,1620.96
1403,7913.81
1404,862.39
1405,1479.2
1406,12226.89
1407,7327.65
1408,5312.82
1409,4590.57
1410,4894.54
1411,1314.87
1412,1055.72
1413,5384.66
1414,7238.21
1415,1208.71
1416,6105.1
1417,1537.62
1418,1313.7
1419,1029.07
1420,2668.45
1421,2441.01
1422,1577.66
1423,11043.37
1424,1048.94
1425,2145.97
1426,11926.76
1427,4850.71
1428,6675.12
1429,1009.7
1430,2166.21
1431,2421.6
1432,2963.65
1433,1273.11
1434,498.7
1435,3097.01
1436,3571.46
1437,4621.82
1438,2901.52
1439,3605.24
1440,1737.02
1441,267.36
1442,3904.44
1443,15519.03
1444,4836.32
1445,1451.7
1446,1564.32
1447,2360.83
1448,5606.96
1449,326.22
1450,12983.97
1451,1130.74
1452,1520.44
1453,652.37
1454,475.91
1455,2375.16
1456,824.95
1457,3083.5
1458,2387.59
1459,1889.07
1460,1258.29
1461,648.26
1462,4861.66
1463,6236.46
1464,2002.95
1465,5177.25
1466,12230.53
1467,8312.35
1468,803.18
1469,1699.05
1470,4148.48
1471,6624.98
1472,2212
1473,1924.69
1474,7883.9
1475,1295.45
1476,1934.81
1477,1404.38
1478,12931.36
1479,8713.39
1480,897.66
1481,7241.46
1482,8179.01
1483,2643.47
1484,858.11
1485,5199.13
1486,14423.65
1487,277.61
1488,2646.13
1489,1257.26
1490,20296.92
1491,333.92
1492,991.07
1493,1743.29
1494,5130.03
1495,9934.72
1496,3463.35
1497,2316.02
1498,1201.86
1499,1623.45
1500,2622.86
1501,5279.6
1502,2151.87
1503,8404.05
1504,1312.46
1505,12495.14
1506,740.31
1507,5794.17
1508,2111.35
1509,1868.96
1510,8978.66
1511,1117.84
1512,1806.64
1513,723.88
1514,3408.58
1515,20278.78
1516,3881.53
1517,1320.64
1518,474.14
1519,4264.69
1520,6985.06
1521,9872.28
1522,1916.7
1523,3198.16
1524,14806.32
1525,22544.73
1526,13586.41
1527,1819.51
1528,4208
1529,4388.77
1530,1626.5
1531,4386.06
1532,3331.32
1533,1613.99
1534,338.92
1535,2330.03
1536,7285.49
1537,2693.27
1538,4556.78
1539,844.4
1540,3041.52
1541,2446.14
1542,13372.31
1543,11962.89
1544,23237.97
1545,1640.81
1546,23129.35
1547,2514.55
1548,2247.76
1549,15024.79
1550,1017.7
1551,1330.76
1552,1620.05
1553,4208.43
1554,3523.61
1555,2336.66
1556,7798
1557,1946.23
1558,1547.91
1559,13701.44
1560,2428.8
1561,3381.29
1562,32551.86
1563,1165.18
1564,521.55
1565,1169.49
1566,311.3
1567,4736.67
1568,2167.13
1569,3244.94
1570,2081.32
1571,2647.57
1572,15966.68
1573,645.88
1574,1734.08
1575,613.66
1576,6571.3
1577,21536.96
1578,8599.46
1579,639.37
1580,3664.7
1581,6041.06
1582,2952.25
1583,1765.97
1584,5515.68
1585,1633.3
1586,6360.84
1587,4290.64
1588,4326.02
1589,1316.27
1590,2280.62
1591,22748.44
1592,1627.65
1593,5098.01
1594,3130.99
1595,6626.17
1596,3947.06
1597,3156.75
1598,857.67
1599,4058.71
1600,2105.44
1601,6081.13
1602,713.6
1603,1738.99
1604,4772.15
1605,986.47
1606,1603.55
1607,1573.97
1608,3773.83
1609,3394.32
1610,5097.62
1611,2258.73
1612,3180.26
1613,5005.68
1614,1825.14
1615,404.44
1616,2901.4
1617,2149.76
1618,2820.2
1619,3165.34
1620,5922.95
1621,9176
1622,873.1
1623,5886.62
1624,1092.93
1625,4934.18
1626,4515.2
1627,5772.04
1628,1347.6
1629,1992.95
1630,1401.47
1631,789.51
1632,1808.85
1633,783.74
1634,4070.64
1635,2889.03
1636,13213.02
1637,667.78
1638,1411.73
1639,33147.1
1640,9221.74
1641,8257.67
1642,7424.39
1643,5038.96
1644,2391.75
1645,2297.89
1646,2168.6
1647,1236.28
1648,2917.06
1649,1833.64
1650,1875.38
1651,1663.69
1652,2465.39
1653,2116.18
1654,17376.07
1655,11964.83
1656,5013.4
1657,809.38
1658,278.11
1659,1117.43
1660,3328.8
1661,1283.92
1662,2011.35
1663,3247.73
1664,2850.21
1665,1754.67
1666,3734.56
1667,14699.1
1668,34049.65
1669,1510.18
1670,2900.81
1671,10949.97
1672,1802.82
1673,400.39
1674,5324.56
1675,2177.46
1676,2763.81
1677,5353.35
1678,1515.79
1679,1856.02
1680,10789.04
1681,13967.67
1682,2474.26
1683,1785.39
1684,1680.14
1685,6610.82
1686,1814.11
1687,7459.73
1688,3945.64
1689,17677.64
1690,973.26
1691,1234.47
1692,3152.83
1693,5067.14
1694,17243.21
1695,3192.78
1696,708.79
1697,5931.15
1698,3152.24
1699,2255.5
1700,383.22
1701,23149.68
1702,4664.19
1703,2136.05
1704,711.83
1705,1885.91
1706,2059
1707,2926.92
1708,4700.45
1709,10467.77
1710,3551.77
1711,1973.35
1712,3392.68
1713,1655.38
1714,9216.34
1715,1895.5
1716,1894.67
1717,6029.27
1718,4310.83
1719,1698.93
1720,903.85
1721,5873.48
1722,15566.36
1723,1669.35
1724,11349.46
1725,992.43
1726,1802.46
1727,7227.09
1728,15609.3
1729,1009.38
1730,5520.59
1731,1194.21
1732,2296.52
1733,2348.94
1734,309.25
1735,3095.17
1736,6123.68
1737,1735.34
1738,4772.67
1739,747.45
1740,2805.78
1741,6361.11
1742,2336.19
1743,4857.86
1744,2327.17
1745,11586.1
1746,4661.18
1747,3515.69
1748,6701.02
1749,1874.67
1750,1975.73
1751,2663.79
1752,6135.73
1753,1704.37
1754,5956.27
1755,525.22
1756,3562.33
1757,3380.07
1758,4366.08
1759,25572.53
1760,17054.01
1761,1290.43
1762,10416.18
1763,1430.62
1764,24126.87
1765,57301.21
1766,618.29
1767,1711.71
1768,6136.8
1769,1137.44
1770,14441.12
1771,1142.66
1772,29518.26
1773,25935.39
1774,3814.39
1775,7277.41
1776,2731.93
1777,1973.27
1778,800.44
1779,7532.14
1780,3757.94
1781,498.12
1782,6833.14
1783,3306.11
1784,138.94
1785,2350.49
1786,2848.56
1787,747.09
1788,5181.29
1789,3416.02
1790,4922.68
1791,3563.27
1792,3789.47
1793,722.9
1794,4806.82
1795,490.43
1796,3560.68
1797,837.88
1798,3847.53
1799,1554.69
1800,4615.27
1801,6582.76
1802,3842.86
1803,426.98
1804,3382.73
1805,8683.38
1806,3579.84
1807,4588.06
1808,495.4
1809,4813.53
1810,216.45
1811,738.57
1812,2545.67
1813,2966.42
1814,6436.2
1815,801.23
1816,7197.48
1817,9578
1818,2836.5
1819,783.48
1820,2696.23
1821,15851.06
1822,11518.1
1823,12394.21
1824,2519.17
1825,7154.42
1826,8005.98
1827,1880.94
1828,1106.43
1829,2096.8
1830,1364.2
1831,7061.63
1832,4795.62
1833,1134.84
1834,1984.4
1835,2818.61
1836,590.34
1837,23834.1
1838,1087.2
1839,2104.61
1840,4046.68
1841,13861.16
1842,917.51
1843,1228.09
1844,5823.5
1845,374.46
1846,7593.42
1847,4809.22
1848,3589.8
1849,6127.36
1850,1852.69
1851,12045.56
1852,3218.47
1853,1378.88
1854,17840.31
1855,605.59
1856,8289.58
1857,1915.22
1858,3107.96
1859,3751.96
1860,739.78
1861,2294.22
1862,8915.32
1863,16230.45
1864,348.62
1865,1900.47
1866,3254.32
1867,2107.63
1868,3484.08
1869,10320.62
1870,1320.39
1871,956.71
1872,1615.8
1873,4968.03
1874,4439.42
1875,8939.81
1876,3406.96
1877,4307.55
1878,14434.61
1879,1576.82
1880,484.1
1881,13676.26
1882,598.82
1883,28764.41
1884,5515.97
1885,3379.34
1886,5959.33
1887,1379.17
1888,6551.28
1889,2253.22
1890,548.04
1891,582.67
1892,2444.27
1893,862.27
1894,1882.79
1895,1853.01
1896,4971.54
1897,6904.1
1898,2745.83
1899,1089.18
1900,3171.65
1901,17182.26
1902,1979.8
1903,16517.77
1904,1158.32
1905,853.27
1906,9204.26
1907,1886.9
1908,1662.78
1909,800.58
1910,2676.18
1911,530.67
1912,2069.22
1913,4885.39
1914,2970.07
1915,3486.35
1916,21709.81
1917,4246.85
1918,14863.59
1919,1021.69
1920,16946.8
1921,2607.67
1922,8457.75
1923,1534.92
1924,1391.92
1925,838.01
1926,6303.92
1927,1428.46
1928,5172.74
1929,6592.3
1930,6646.98
1931,3678.54
1932,1943.04
1933,3425.67
1934,307.07
1935,3858.3
1936,8045.38
1937,16335.73
1938,427.94
1939,1539.78
1940,3943.73
1941,4712.48
1942,15153.12
1943,1403.49
1944,970.93
1945,13495.97
1946,878.84
1947,1815.6
1948,1292.88
1949,3614.64
1950,7453.4
1951,1392.71
1952,11150.55
1953,58998.57
1954,3361.78
1955,965.66
1956,8147.57
1957,1212.53
1958,1794.7
1959,15024.57
1960,15260.74
1961,4572.66
1962,3531.05
1963,3855.29
1964,1441.59
1965,3883.01
1966,5847.81
1967,3671.04
1968,505.57
1969,4243.31
1970,33160.92
1971,2663.99
1972,7926.9
1973,9380.15
1974,1425.58
1975,2998.83
1976,8763.46
1977,695.81
1978,5914.27
1979,3421.68
1980,4490.3
1981,1001.28
1982,4479.64
1983,3156.12
1984,8187.78
1985,2512.33
1986,5930.7
1987,2337.12
1988,1521.72
1989,1013.76
1990,1112.88
1991,3941.34
1992,2322.77
1993,566.64
1994,9617.3
1995,1203.24
1996,638.9
1997,6365.69
1998,6605.42
1999,2143.23
2000,1822.33
2001,3308.24
2002,6030.48
2003,4681.7
2004,444.54
2005,5735.22
2006,464.56
2007,1477.31
2008,1574.98
2009,2100.09
2010,39470.46
2011,6217.04
2012,5611.78
2013,7260.62
2014,11187.26
2015,867.05
2016,958.92
2017,1622.94
2018,32710.56
2019,2214.41
2020,3797.39
2021,688.71
2022,5951.62
2023,6097.58
2024,3279.77
2025,11769.25
2026,1066.55
2027,165.36
2028,1814.71
2029,884.48
2030,1570.92
2031,2817.58
2032,6273.26
2033,1270.15
2034,11514.53
2035,10648.59
2036,4825.84
2037,10993.27
2038,717.35
2039,7645.31
2040,2403.62
2041,1068.88
2042,6093.92
2043,469.51
2044,6951.92
2045,38315.73
2046,840.78
2047,1756.08
2048,3263.22
2049,1339.73
2050,4908.65
2051,3183.9
2052,3362.72
2053,763.39
2054,3075.1
2055,2207.56
2056,2779.27
2057,9246.79
2058,7520.91
2059,421.27
2060,1297.93
2061,792.49
2062,1126.19
2063,1033.46
2064,4795.23
2065,1869.44
2066,1813.25
2067,4425.31
2068,7324.45
2069,3779.91
2070,1013.86
2071,1570.05
2072,524.21
2073,3078.11
2074,3444.48
2075,293.58
2076,12057.04
2077,547.93
2078,2088.47
2079,9806.54
2080,1210.3
2081,13037.87
2082,14054.15
2083,1211.38
2084,8798.32
2085,45659.13
2086,11461.98
2087,1140.84
2088,16772.61
2089,2329.18
2090,5569.29
2091,4146.75
2092,3631.75
2093,4367.03
2094,1660.79
2095,1251.95
2096,1090.69
2097,11818.21
2098,8453.39
2099,5614.79
2100,3668.1
2101,1971.94
2102,12706.24
2103,23660.71
2104,1116.53
2105,2561.74
2106,14473.77
2107,570.55
2108,7840.43
2109,843.33
2110,19785.61
2111,1080.97
2112,802.26
2113,387.65
2114,3429.35
2115,1670.5
2116,2081.96
2117,1042.06
2118,2947.47
2119,3055.89
2120,2126.95
2121,16327.75
2122,4653.01
2123,4305.09
2124,7267.27
2125,3702.37
2126,5364.1
2127,3729.3
2128,3480.2
2129,5893.61
2130,18402.51
2131,9995.9
2132,2399.45
2133,3300.76
2134,2446.18
2135,16255.91
2136,1819.32
2137,4857.33
2138,5236.49
2139,6974.94
2140,13331.26
2141,5950.66
2142,6518.32
2143,1605.98
2144,2177.77
2145,4575.86
2146,310.07
2147,15725.19
2148,1234.32
2149,3767.5
2150,10920.91
2151,1770.63
2152,1745.68
2153,1198.31
2154,1533.42
2155,1595.12
2156,3370.82
2157,689.6
2158,6397.53
2159,1080.67
2160,2496.2
2161,5839.6
2162,3305.16
2163,3619.53
2164,2996.51
2165,10480.32
2166,5712.82
2167,2246.15
2168,783.07
2169,7105.62
2170,2294.23
2171,4162.8
2172,1716.78
2173,8945.65
2174,740.74
2175,3316.35
2176,8076.04
2177,794.77
2178,7498.03
2179,3035.79
2180,1958.25
2181,26204.66
2182,1459.95
2183,3322.88
2184,4250.15
2185,3526.2
2186,15798.97
2187,1988.83
2188,3863.75
2189,1855.7
2190,755.54
2191,2094.69
2192,48247.57
2193,4347.08
2194,10066.7
2195,8837.14
2196,4028.39
2197,15408.58
2198,2664.47
2199,1584.54
2200,1346.83
2201,2068.36
2202,2580.68
2203,4008.28
2204,1828.03
2205,3432.74
2206,3703.36
2207,1536.85
2208,1835.4
2209,1322.18
2210,16633.49
2211,4004.81
2212,4554.5
2213,1207.29
2214,814.2
2215,6510.28
2216,6195.69
2217,2538.34
2218,1208.29
2219,134.82
2220,11525.5
2221,1273.83
2222,4537.41
2223,1291.52
2224,8071.42
2225,513.84
2226,620.49
2227,3651.7
2228,3812.71
2229,10343.52
2230,17458.24
2231,3460.94
2232,1841.15
2233,11588.43
2234,4273.41
2235,11779.78
2236,1179.13
2237,4649.26
2238,3260.16
2239,1213.57
2240,989.5
2241,12877.87
2242,3441.73
2243,1786.32
2244,17562.96
2245,3349.63
2246,6101.47
2247,9477.1
2248,18432.79
2249,2783.26
2250,1541.72
2251,2053.42
2252,2528.86
2253,1541.77
2254,9912.86
2255,1176.06
2256,2259.35
2257,3194.04
2258,765.08
2259,2555.56
2260,557.24
2261,2130.29
2262,914.91
2263,847.74
2264,14754.08
2265,2193.11
2266,1341.16
2267,2025.19
2268,494.33
2269,14081.13
2270,589.37
2271,1538.38
2272,1195.39
2273,8561.93
2274,2367.64
2275,904.17
2276,2986.1
2277,2162.09
2278,2135.75
2279,10338.82
2280,3108.92
2281,2067.98
2282,1145.88
2283,11754.31
2284,3551.43
2285,8498.94
2286,1906.36
2287,2832.43
2288,2734.46
2289,4401.69
2290,366.04
2291,6822.64
2292,947.04
2293,5959.03
2294,2395.57
2295,27771.97
2296,4919.56
2297,882.12
2298,754.18
2299,255.54
2300,4083.84
2301,1231.32
2302,2888.02
2303,8397.05
2304,4400.24
2305,1853.78
2306,2732.19
2307,2512.61
2308,2462.85
2309,1158.79
2310,1111.2
2311,2963.05
2312,1968.12
2313,3095.33
2314,4011.73
2315,2867.3
2316,1428.98
2317,8653.14
2318,2203.4
2319,360.46
2320,9043.32
2321,1665.61
2322,10253.49
2323,2718.44
2324,2400.41
2325,2559.21
2326,6638.78
2327,5676.11
2328,2315.89
2329,7324.78
2330,2149.31
2331,1196.95
2332,2051.68
2333,15722.84
2334,1070.74
2335,2800.3
2336,1195.82
2337,3557.6
2338,1941.02
2339,12015.03
2340,6161.92
2341,9772.76
2342,596.54
2343,3577.9
2344,3394.62
2345,2807.63
2346,1824.69
2347,2342.88
2348,2474.88
2349,4517.28
2350,1253.58
2351,1143.94
2352,13401.02
2353,2442.95
2354,2243.29
2355,920.64
2356,4453.55
2357,1583.48
2358,938.18
2359,1495.55
2360,937.3
2361,2088.7
2362,12267.06
2363,7559.33
2364,11287.8
2365,9813.22
2366,5517.09
2367,788.01
2368,3990.35
2369,2861.16
2370,571.09
2371,5165.33
2372,15047.52
2373,2515.6
2374,778.69
2375,159.78
2376,9338.49
2377,2654.08
2378,4982.91
2379,3918.04
2380,3621.57
2381,892.92
2382,1859.22
2383,1365.4
2384,2464.89
2385,1128.07
2386,17085.79
2387,8015.73
2388,6840.21
2389,5843.68
2390,566.68
2391,25356.88
2392,1878.03
2393,2152.46
2394,1753.07
2395,474.4
2396,663.07
2397,12207.97
2398,757.02
2399,1603.75
2400,7194.09
2401,1538.46
2402,3547.57
2403,1141.03
2404,455.45
2405,1836.24
2406,918.89
2407,3442.54
2408,4349.96
2409,3156.85
2410,1410
2411,1815.65
2412,14767.63
2413,555.17
2414,2070.55
2415,2447.07
2416,1496.32
2417,15256.69
2418,7281.22
2419,760.8
2420,1653.69
2421,5284.67
2422,3223.99
2423,33272.72
2424,1162.56
2425,10418.06
2426,8675.22
2427,1558.98
2428,1347.47
2429,13977.9
2430,1772.69
2431,3139.89
2432,3593.13
2433,2847.05
2434,6062.65
2435,1929.32
2436,558.66
2437,5155.26
2438,683.15
2439,2225.81
2440,2123.7
2441,5276.12
2442,848.15
2443,2506.46
2444,1960.62
2445,1409.83
2446,1904.19
2447,1459.67
2448,4267.02
2449,797.25
2450,1225.75
2451,1813.72
2452,3435.61
2453,3398.04
2454,421.87
2455,1951.82
2456,24018.17
2457,4951.29
2458,6960.82
2459,1252.64
2460,7293.21
2461,3665.93
2462,1200.05
2463,2406.43
2464,2090.57
2465,1868.67
2466,2845.79
2467,6699.3
2468,5978.95
2469,4449.53
2470,557.12
2471,2471.1
2472,2919.64
2473,3468.51
2474,1284.46
2475,1058.75
2476,905.66
2477,6907.39
2478,7968.98
2479,15365.4
2480,662.91
2481,630.76
2482,5381.03
2483,5716.64
2484,34525.2
2485,18682.17
2486,15705.19
2487,4372.11
2488,1775.04
2489,1119.21
2490,1207.46
2491,1362.04
2492,2154.62
2493,11710.17
2494,1095.35
2495,8740.82
2496,2586.54
2497,3553.03
2498,2900.67
2499,1086.62
2500,6111.27
2501,22523.17
2502,633.36
2503,3243.73
2504,3585.61
2505,18583.73
2506,6659.97
2507,1108.17
2508,1342.78
2509,12826.52
2510,5080.72
2511,15123.02
2512,1162.85
2513,22362.24
2514,6465.68
2515,6398.99
2516,3433.44
2517,8649.01
2518,4721.61
2519,10831.71
2520,588.12
2521,6321.72
2522,7548.82
2523,7856.83
2524,6868.7
2525,6923.05
2526,1956.6
2527,7056.05
2528,1214.34
2529,1053.89
2530,11307.96
2531,557.53
2532,1056.98
2533,1351.4
2534,2234.47
2535,13543.05
2536,817.48
2537,6298.04
2538,828.02
2539,8081.03
2540,437.2
2541,2019.64
2542,3524.63
2543,2449.48
2544,19641.72
2545,754.8
2546,2861.75
2547,5010.89
2548,3601.63
2549,4154.59
2550,8312.08
2551,1182.61
2552,22879.39
2553,8086.62
2554,1629.99
2555,2096.21
2556,6052.24
2557,1385.08
2558,9693.68
2559,24477.66
2560,2246.16
2561,30794.37
2562,2057.69
2563,3538.16
2564,3398.91
2565,4956.05
2566,2494.62
2567,752.29
2568,2601.11
2569,7049.73
2570,1030.73
2571,2849.7
2572,3053.82
2573,5404.18
2574,830.72
2575,5505.02
2576,2726.91
2577,2080.65
2578,3800.52
2579,2213.88
2580,8170.95
2581,1883.6
2582,9097.24
2583,2105.11
2584,1611.09
2585,278.07
2586,4511.98
2587,1072.72
2588,10437.95
2589,4370.31
2590,2153.45
2591,3444.31
2592,3771.4
2593,11879.61
2594,3112.39
2595,850.2
2596,785.41
2597,687.82
2598,544.17
2599,3576.75
2600,1478.97
2601,1267.74
2602,3237.49
2603,904.9
2604,2631.9
2605,2835.47
2606,3397.64
2607,2940.38
2608,656.34
2609,6730.55
2610,4415.66
2611,3855.16
2612,4502.48
2613,2902.78
2614,5145.08
2615,1225.28
2616,9930.39
2617,1234.83
2618,3852.91
2619,519.35
2620,5169.24
2621,2943.48
2622,909.17
2623,3967.55
2624,2729.55
2625,18185.1
2626,1104.16
2627,3604.54
2628,8250.78
2629,2112.08
2630,3684.27
2631,1063.31
2632,4993.1
2633,2089.36
2634,1752.28
2635,6143.99
2636,1002.63
2637,7875.02
2638,7310.07
2639,1457.2
2640,2808.32
2641,837.61
2642,1056.63
2643,8183.46
2644,20605.55
2645,7104.32
2646,2059.68
2647,618.6
2648,5115.08
2649,6292.48
2650,4562.91
2651,5539.96
2652,7962.79
2653,3623.54
2654,1199.06
2655,1414.25
2656,24223.85
2657,29780.13
2658,393.65
2659,8441.69
2660,4739.94
2661,9877.22
2662,9321.72
2663,1272.82
2664,5121.7
2665,1144.51
2666,1830.3
2667,810.34
2668,4781.01
2669,4812.76
2670,10573.62
2671,113.14
2672,4974.23
2673,2969.2
2674,5514.58
2675,9266.45
2676,467.41
2677,10165.79
2678,5682.08
2679,718.57
2680,2164.08
2681,6903.37
2682,4143.02
2683,5048.18
2684,475.45
2685,4045.6
2686,5858.93
2687,3495.56
2688,25808.15
2689,6746
2690,24670.71
2691,5187.63
2692,2251.38
2693,905.06
2694,1187.04
2695,4021.66
2696,14698.89
2697,708.56
2698,1167.55
2699,11857.98
2700,4884.27
2701,1141
2702,8229.81
2703,955.73
2704,1662.7
2705,3658.02
2706,12895.02
2707,6219.67
2708,4528.84
2709,4052.47
2710,2757.58
2711,1393.38
2712,1823.03
2713,905.57
2714,21782.5
2715,1326.63
2716,620.97
2717,8824.45
2718,2022.59
2719,333.3
2720,3050.41
2721,1090.16
2722,1575.63
2723,6572.02
2724,1000.86
2725,4827.5
2726,36005.26
2727,2089.19
2728,282
2729,3115.99
2730,2483.94
2731,3444.17
2732,1531.22
2733,13635.83
2734,1044.13
2735,952.75
2736,9313.98
2737,2905.43
2738,5956.14
2739,2933.36
2740,3150.7
2741,28657.43
2742,242.58
2743,7970.67
2744,1241.43
2745,7025.76
2746,1127.87
2747,2281.05
2748,3165.25
2749,10284.13
2750,949.45
2751,145.49
2752,2365.71
2753,40903.65
2754,1824.45
2755,5450.46
2756,2013.55
2757,8567.66
2758,1858.6
2759,820.22
2760,1693.24
2761,659.24
2762,4896.83
2763,859.92
2764,2116.13
2765,3534.75
2766,464.05
2767,12578.8
2768,5058.22
2769,6295.76
2770,435.94
2771,6056.02
2772,4665.47
2773,5182.23
2774,17578.65
2775,16340.36
2776,10132.39
2777,1372.85
2778,960.12
2779,1741.84
2780,2737.16
2781,5831.43
2782,676.54
2783,11571.67
2784,4538.13
2785,8014.78
2786,5682.88
2787,1786.34
2788,8167.64
2789,3214.38
2790,8222.87
2791,8812.53
2792,2589.94
2793,3135.95
2794,3299.79
2795,3144.65
2796,9225.16
2797,5769.9
2798,2993.86
2799,1725.17
2800,1354.17
2801,2856.65
2802,10273.09
2803,2961.27
2804,3454.25
2805,9403.04
2806,566.12
2807,5610.56
2808,10270.26
2809,2114.07
2810,704.21
2811,3462.34
2812,3888
2813,5800.7
2814,4270.27
2815,3945.07
2816,3945.68
2817,883.17
2818,113.39
2819,410.12
2820,4480.07
2821,5367.9
2822,600.47
2823,1190.97
2824,1161.67
2825,4389.41
2826,1268.65
2827,3885.21
2828,785.38
2829,3459.08
2830,2021.98
2831,2688.11
2832,295.7
2833,4344.11
2834,4312.6
2835,3349.89
2836,797.46
2837,1408.44
2838,406.43
2839,6859.79
2840,961.91
2841,9769.85
2842,2125.95
2843,4153.33
2844,1064.79
2845,3088.9
2846,1605.99
2847,7418.85
2848,5176.51
2849,4734.57
2850,2702.36
2851,4670.32
2852,6376.09
2853,346.35
2854,1476.25
2855,552.09
2856,15037.54
2857,1384.44
2858,5498.9
2859,1764.55
2860,4703.39
2861,4277.83
2862,747.34
2863,592.64
2864,11711.62
2865,1211.59
2866,10043.84
2867,2820.05
2868,27606.68
2869,5765.99
2870,5784.95
2871,29443.97
2872,1832.73
2873,3691.26
2874,6984
2875,10456.34
2876,3018.19
2877,3877.28
2878,2877.9
2879,620.08
2880,608.47
2881,935.41
2882,2507.8
2883,1256.91
2884,1461.51
2885,30371.57
2886,1057.07
2887,1262.86
2888,6954
2889,1099.77
2890,2524.95
2891,442.59
2892,1509.35
2893,6238.08
2894,6329.82
2895,793.9
2896,10124.91
2897,818.4
2898,15705.23
2899,870.06
2900,22985.85
2901,993.62
2902,6696.24
2903,632.73
2904,4853.42
2905,2165.08
2906,8248.69
2907,2634.74
2908,2759.65
2909,1037.78
2910,6728.42
2911,8449.64
2912,1263.03
2913,3002.48
2914,3264.25
2915,1277.01
2916,12421.64
2917,11767.4
2918,20494.09
2919,9517.1
2920,8871.02
2921,2431.7
2922,1305.67
2923,2599.72
2924,1614.23
2925,1845.08
2926,3134.87
2927,1547.17
2928,995.63
2929,1645.69
2930,14044.37
2931,2505.45
2932,3232.81
2933,572.35
2934,5953.03
2935,3104.6
2936,838.17
2937,4206.28
2938,628.63
2939,7532.4
2940,3289.17
2941,2907.23
2942,1178.72
2943,7672.78
2944,1279.9
2945,1717.17
2946,4481.96
2947,2278.9
2948,38092.2
2949,5647.04
2950,31429.37
2951,4376.89
2952,3601.96
2953,4843.53
2954,1583.56
2955,1761.76
2956,2004.99
2957,2990.69
2958,8798.13
2959,13907.99
2960,351.92
2961,616.3
2962,1686.21
2963,4591.85
2964,4050.67
2965,6992.41
2966,4258.58
2967,4097.23
2968,8127.82
2969,16801.93
2970,1270.48
2971,8080.07
2972,6183.91
2973,328.84
2974,2128.11
2975,2631.02
2976,6681.82
2977,2765.94
2978,2938.03
2979,613.1
2980,3617.24
2981,2793.83
2982,1731.49
2983,1567.16
2984,5284.45
2985,2022.08
2986,2641.37
2987,3008.42
2988,3008.77
2989,2208.93
2990,12303.08
2991,3458.93
2992,2204.24
2993,3819.15
2994,2710.63
2995,3870.15
2996,1406.3
2997,7636.55
2998,6126.08
2999,7328.95
3000,5465.95
3001,1992.84
3002,2898.47
3003,655.02
3004,806.4
3005,1382.32
3006,4412.53
3007,1067.66
3008,1597.75
3009,4287.99
3010,3816.16
3011,11500.06
3012,2070.9
3013,4225.61
3014,636.45
3015,1858.05
3016,9863.54
3017,344
3018,5899.63
3019,4360.33
3020,894.41
3021,19289.41
3022,5052.57
3023,1731.78
3024,2614.94
3025,1906.86
3026,4701.27
3027,8074.36
3028,721.75
3029,1187.91
3030,2592.84
3031,2513.12
3032,5151.02
3033,2701.63
3034,2609.3
3035,1207.62
3036,2057.22
3037,2109.5
3038,2476.57
3039,3416.52
3040,1565.87
3041,2233.2
3042,8010.48
3043,3434.64
3044,1066.08
3045,621.91
3046,6371
3047,3592.86
3048,477.12
3049,3845.81
3050,1544.29
3051,16806.3
3052,2672.66
3053,28649.99
3054,2144.1
3055,3027.13
3056,4950.23
3057,1537.3
3058,2632.44
3059,8865.95
3060,1395.75
3061,5673.77
3062,700.96
3063,7904.28
3064,698.48
3065,11055.29
3066,4253.98
3067,19092.35
3068,3061.56
3069,6909.52
3070,7026.06
3071,5531.07
3072,2820.83
3073,11959.75
3074,1523.23
3075,562.77
3076,6347.14
3077,814.53
3078,4771.1
3079,2614.04
3080,2060.64
3081,1800.7
3082,6924.45
3083,298.63
3084,1354.36
3085,3588.95
3086,2530.67
3087,4125.72
3088,1302.72
3089,1379.79
3090,2006.52
3091,10924.88
3092,774.46
3093,437.11
3094,5432.86
3095,4030.46
3096,5345.5
3097,3160.21
3098,13549.85
3099,7876.47
3100,5540.06
3101,8404.22
3102,941.6
3103,10336.03
3104,13622.91
3105,1340.02
3106,6365.96
3107,6299.14
3108,11503.56
3109,9008.48
3110,2825.7
3111,11065.99
3112,673.9
3113,7231.63
3114,708.39
3115,2117.09
3116,3567.69
3117,3698.35
3118,512.73
3119,707.7
3120,2397.7
3121,2322.77
3122,2623.67
3123,6355.32
3124,1520.78
3125,28560.79
3126,1375.96
3127,3979.42
3128,3735.35
3129,1084.04
3130,4082.29
3131,2734.17
3132,2019.36
3133,4431.05
3134,14900.74
3135,1654.25
3136,277.14
3137,365.64
3138,9567.88
3139,1972.21
3140,6348.42
3141,1241.82
3142,7229.01
3143,2723.92
3144,2485.81
3145,8639.64
3146,5574.25
3147,7803.13
3148,2465.8
3149,6455.19
3150,3172.71
3151,1180.13
3152,1317.58
3153,11236.13
3154,10449.48
3155,3443.73
3156,1912.85
3157,1176.27
3158,845.15
3159,1067.87
3160,9080.8
3161,1689.42
3162,2105.41
3163,5517.94
3164,2501
3165,1390.06
3166,1066.14
3167,2006.49
3168,2864.86
3169,652.44
3170,6268.48
3171,9464.08
3172,529.29
3173,3229.56
3174,7357.61
3175,2613.77
3176,2707.11
3177,4828.7
3178,7281.22
3179,6840.17
3180,2106.77
3181,698.2
3182,559.75
3183,827.56
3184,7684.68
3185,2630.22
3186,692.59
3187,6067.84
3188,2956.15
3189,1109.97
3190,7298.3
3191,9836.4
3192,5531.99
3193,1262.56
3194,1223.79
3195,2978.64
3196,25437.63
3197,2523.64
3198,2000.7
3199,2888.24
3200,1849.44
3201,1281.52
3202,2408.8
3203,3312.6
3204,249.62
3205,2607.49
3206,9936.86
3207,2995.85
3208,1987.18
3209,962.27
3210,1674.42
3211,7225.49
3212,814.27
3213,1109.81
3214,6399.03
3215,411.36
3216,6449.48
3217,5053.37
3218,549.53
3219,8370.88
3220,4871.73
3221,1057.6
3222,528.34
3223,4669.24
3224,1377.13
3225,1476.53
3226,5440.15
3227,14816.84
3228,5673.35
3229,4298.63
3230,3436.93
3231,568.28
3232,4751.53
3233,1909.67
3234,8959.49
3235,3836.15
3236,10594.6
3237,5273.36
3238,9145.72
3239,10843.4
3240,2780.18
3241,618.8
3242,7225.52
3243,2144.52
3244,754.12
3245,2812.8
3246,4153.83
3247,324.18
3248,1967.2
3249,8328.83
3250,3129.09
3251,4860.99
3252,4974.11
3253,1244.27
3254,1626.3
3255,698.11
3256,1901.49
3257,8714
3258,1300.54
3259,1194.24
3260,4646.34
3261,1850.9
3262,3374.6
3263,719.15
3264,1061.16
3265,1303.88
3266,2658.25
3267,3818.12
3268,7240.65
3269,1934.23
3270,549.66
3271,14273.05
3272,20017.74
3273,10854.04
3274,5589.25
3275,9705.3
3276,2972.07
3277,10580.77
3278,6723.59
3279,5385.85
3280,3252.11
3281,791.54
3282,5017.46
3283,2442.02
3284,18174.99
3285,2884.27
3286,4954.1
3287,2645.05
3288,2482.14
3289,5251.59
3290,1779.29
3291,9928.91
3292,11062.78
3293,1815.83
3294,194.39
3295,5630.29
3296,2811.9
3297,3351.52
3298,1825.09
3299,7170.75
3300,770.65
3301,50304.47
3302,4143.59
3303,1303.69
3304,2323.6
3305,22879.25
3306,1318.21
3307,1130.5
3308,8156.53
3309,1339.01
3310,1039.08
3311,1553.48
3312,2159.29
3313,3199.1
3314,6677.27
3315,4694.29
3316,2142.48
3317,539.42
3318,8022.31
3319,1000.14
3320,38907.62
3321,988.9
3322,4459.13
3323,10093.69
3324,825.49
3325,1777.64
3326,3385.08
3327,6883.71
3328,12504.94
3329,6631.78
3330,9367.54
3331,3390.41
3332,4607.07
3333,1826.19
3334,1199.95
3335,21717.35
3336,2398.62
3337,4677.16
3338,683.97
3339,5012.42
3340,1467.49
3341,2198.82
3342,1293.55
3343,966.4
3344,505.66
3345,10466.21
3346,2141.19
3347,17095.38
3348,177.28
3349,4676.98
3350,718.11
3351,3241.76
3352,2551.41
3353,6356.75
3354,827.07
3355,2287.01
3356,13504.89
3357,4043.2
3358,3261.82
3359,2838.27
3360,2670.3
3361,4075.84
3362,3785.57
3363,1993.38
3364,1432.47
3365,2142.66
3366,7678.95
3367,3390.33
3368,701.12
3369,2044.23
3370,932.43
3371,1943.1
3372,21573.09
3373,3265.79
3374,3201.11
3375,6844.65
3376,2410.89
3377,7662.75
3378,1490.96
3379,7319.78
3380,2093.51
3381,966.53
3382,1248.95
3383,732.17
3384,20189.73
3385,2904.78
3386,1067
3387,3620.7
3388,1501.62
3389,590.34
3390,2912.33
3391,15947.68
3392,899.39
3393,3251.06
3394,16043.22
3395,586.55
3396,1628.38
3397,1864.47
3398,1958.78
3399,6415.67
3400,4784.48
3401,8727.66
3402,4256.44
3403,4205.07
3404,6376.25
3405,3345.08
3406,2614.4
3407,5742.81
3408,1760.99
3409,3261.92
3410,1396.23
3411,1420.86
3412,1932.77
3413,12029.22
3414,4614.57
3415,1065.99
3416,2362.54
3417,10380.32
3418,4800.93
3419,1402.73
3420,1615.33
3421,37587.2
3422,2157.2
3423,1324.77
3424,2277.7
3425,706.61
3426,1329.43
3427,2431.32
3428,8312.96
3429,7691.75
3430,1928.93
3431,344.54
3432,1536.73
3433,3852.01
3434,4614.58
3435,8839.45
3436,2756.64
3437,5988.99
3438,1371.88
3439,7303.68
3440,22709.2
3441,3278.05
3442,2725.4
3443,6446.96
3444,8841.87
3445,1150.07
3446,4959.25
3447,675.62
3448,37405.4
3449,4787.98
3450,3765.96
3451,2833.5
3452,5599.98
3453,2931.17
3454,9234.98
3455,1028.76
3456,679.27
3457,5521.59
3458,4198.39
3459,739.67
3460,5806.88
3461,2215.23
3462,12375.01
3463,2159.71
3464,1862.56
3465,4008.27
3466,2893.08
3467,2733.59
3468,540.5
3469,8699.93
3470,1266.06
3471,761.59
3472,2863.44
3473,3322.33
3474,1221.97
3475,694.69
3476,8924.91
3477,514.01
3478,9089.26
3479,14421.64
3480,9597.21
3481,4928.93
3482,5489.81
3483,2011.21
3484,4299.77
3485,5661.95
3486,395.27
3487,1398.45
3488,5716.02
3489,1200.49
3490,10369.25
3491,1055.15
3492,5643.2
3493,1306.3
3494,1937.13
3495,1070.78
3496,2051.51
3497,5319.03
3498,11263.54
3499,1050.42
3500,1505.93
3501,1617.27
3502,10585.83
3503,1010.47
3504,4709.39
3505,9676.59
3506,4615.23
3507,4562.42
3508,870.02
3509,1383.9
3510,1455.35
3511,39569.88
3512,1882.31
3513,8680.07
3514,3996.02
3515,7928.69
3516,1820.12
3517,3125.87
3518,1878.01
3519,2598.19
3520,7181.42
3521,1781.73
3522,2412.86
3523,10588.28
3524,2562.28
3525,489.64
3526,2395.27
3527,2594.3
3528,1488.68
3529,4428.19
3530,5738.98
3531,5590.1
3532,9992.25
3533,2072.76
3534,4119.66
3535,3229.97
3536,4379.68
3537,1305.41
3538,955.36
3539,1175.71
3540,3479.11
3541,2134.82
3542,24269.29
3543,5615.25
3544,3181.31
3545,2324.68
3546,1761.26
3547,1849.79
3548,7389.31
3549,5046.08
3550,10229.09
3551,397.29
3552,20026.98
3553,1614.49
3554,8446.67
3555,1068.05
3556,1010.84
3557,911.93
3558,6461.47
3559,3524.38
3560,4407.17
3561,5974.88
3562,3000.78
3563,1422.7
3564,1480
3565,378.46
3566,5147.52
3567,1649.9
3568,3648.67
3569,2338.64
3570,448.54
3571,4517.95
3572,3878.81
3573,644.68
3574,1796.87
3575,1837.41
3576,1257.8
3577,5606.95
3578,4390.17
3579,2707.18
3580,4142.21
3581,254.65
3582,4480.43
3583,3986.86
3584,21080.79
3585,1136.86
3586,5361.83
3587,2359.85
3588,1311.89
3589,725.19
3590,1486.49
3591,2785.88
3592,4342
3593,10208.66
3594,1413.74
3595,5268.38
3596,2083.91
3597,3851.87
3598,5538.33
3599,345.59
3600,1502.09
3601,441.6
3602,2183.56
3603,5208.05
3604,2672.95
3605,6626.75
3606,884.48
3607,845.65
3608,1642.55
3609,5034.71
3610,2090.15
3611,4365.15
3612,892.87
3613,5564.29
3614,10640.14
3615,1106.29
3616,1317.29
3617,970.2
3618,4519.92
3619,1083.76
3620,678.75
3621,1613.98
3622,3936.44
3623,21438.88
3624,1697.06
3625,9745.62
3626,4282.58
3627,2654.1
3628,5375.26
3629,1738.12
3630,2673.11
3631,1837.1
3632,1472.91
3633,4985.21
3634,5471.78
3635,2807.31
3636,24670.36
3637,4224.55
3638,592.12
3639,8370.67
3640,2237.54
3641,1052.97
3642,3548.03
3643,2032.55
3644,6087.68
3645,5061.93
3646,2781.68
3647,588.89
3648,3588.94
3649,409.87
3650,9874.27
3651,626.12
3652,3894.97
3653,1648.53
3654,1121.33
3655,3013.2
3656,2193.73
3657,5755.34
3658,1561.37
3659,1794.21
3660,9019.97
3661,10277.01
3662,476.32
3663,3334.98
3664,2275.57
3665,2555.75
3666,4952.17
3667,1930.78
3668,8943.51
3669,640.76
3670,3932.59
3671,2260.76
3672,601.65
3673,716.38
3674,4339.09
3675,7193.89
3676,255.56
3677,4052.09
3678,1303.78
3679,1174.58
3680,2265.88
3681,7328.45
3682,2387.16
3683,25381.33
3684,1443.33
3685,2164.22
3686,2480.7
3687,6573.06
3688,3407.54
3689,2203.25
3690,451.17
3691,416.13
3692,1454.73
3693,1013.54
3694,1030.33
3695,3666.13
3696,2158.14
3697,1762.73
3698,14750.41
3699,6854.8
3700,4032.22
3701,363.38
3702,7557.92
3703,804.63
3704,7196.94
3705,1410
3706,7447.3
3707,3493.23
3708,2595.57
3709,908.3
3710,1871.47
3711,6587.39
3712,1046.07
3713,4626.27
3714,3588.76
3715,2814.14
3716,10077.2
3717,12307.47
3718,2084.36
3719,5778.25
3720,35932.56
3721,7608
3722,843.71
3723,26174.99
3724,14446.26
3725,3796.91
3726,1830.45
3727,1376.65
3728,2247.41
3729,10653.47
3730,1335.87
3731,2637.9
3732,4687.23
3733,3830.22
3734,4940.01
3735,6747.95
3736,3032.78
3737,420.65
3738,585.26
3739,22304.36
3740,2191.09
3741,8960.82
3742,576.07
3743,3804.71
3744,6448.9
3745,6002.35
3746,2314.68
3747,5261.34
3748,4577.32
3749,3408.86
3750,1225.1
3751,1920.14
3752,2309.05
3753,906.7
3754,4137.25
3755,1816.87
3756,1626.07
3757,6860.06
3758,836.59
3759,3817.12
3760,9825.61
3761,1872.77
3762,4028.57
3763,3245.56
3764,5443.63
3765,228.13
3766,3753.52
3767,1858.08
3768,2685.01
3769,1941.61
3770,1232.95
3771,4924.84
3772,2112.75
3773,443.09
3774,1433.67
3775,7621.29
3776,736.68
3777,4293.06
3778,8958.98
3779,4472.14
3780,1720.73
3781,269.57
3782,5668.51
3783,3290.29
3784,4502.92
3785,1422.96
3786,2266.21
3787,2662.1
3788,7085.22
3789,12318.52
3790,11608.57
3791,5655.92
3792,3001.96
3793,2707.08
3794,2794.15
3795,531.85
3796,3366.8
3797,2807.66
3798,3295.3
3799,1569.56
3800,3074.28
3801,3856.28
3802,4390.72
3803,13459.18
3804,6388.88
3805,1751.31
3806,2339.83
3807,180.95
3808,5294.62
3809,480.55
3810,3277.25
3811,19271.33
3812,1006.46
3813,2842.46
3814,2794.77
3815,758.01
3816,9827.16
3817,4314.19
3818,381.35
3819,4609.74
3820,7522.48
3821,17477.81
3822,1437.56
3823,656.14
3824,11221.09
3825,2208.44
3826,3463.54
3827,3649.56
3828,3287.31
3829,3266.46
3830,1763.07
3831,15717.83
3832,11568.53
3833,6336.9
3834,10615.38
3835,2779.61
3836,2791.7
3837,8774.52
3838,2474.66
3839,4884.92
3840,2159.97
3841,4119.5
3842,781.34
3843,4270.53
3844,2876.17
3845,4669.64
3846,4145.33
3847,5345.29
3848,714.69
3849,3556.07
3850,1694.35
3851,1226.04
3852,1341.86
3853,5703.69
3854,25856.35
3855,1011.23
3856,256.32
3857,10589.62
3858,962.4
3859,4297
3860,14395.89
3861,730.7
3862,1461.3
3863,3391.54
3864,13349.09
3865,4378.07
3866,4132.96
3867,4919.36
3868,3060.59
3869,11678.04
3870,2576.42
3871,557.75
3872,5186.88
3873,15004.14
3874,2158.33
3875,570.91
3876,5856.52
3877,9023.82
3878,26153.74
3879,4180.82
3880,1600.06
3881,22670.15
3882,6609.4
3883,3163.5
3884,1543.86
3885,861.28
3886,790.61
3887,1867.62
3888,2940.81
3889,621.29
3890,3799.48
3891,4287.07
3892,1500.35
3893,6373.55
3894,758.45
3895,3643.69
3896,2559.73
3897,3782.45
3898,3073.8
3899,11267.97
3900,2462.73
3901,19500.5
3902,10752.94
3903,913.75
3904,9285.44
3905,4167.06
3906,20292.86
3907,7365.01
3908,14115.88
3909,95.62
3910,2111.88
3911,2373.16
3912,16299.93
3913,938.57
3914,1908.86
3915,7229.74
3916,4505.34
3917,1908.38
3918,2744.83
3919,4147.46
3920,5216.57
3921,2839.56
3922,7089.99
3923,5006.84
3924,3597.99
3925,1814.83
3926,3055.9
3927,1632.96
3928,9589.15
3929,23787.79
3930,3302.14
3931,1043.72
3932,37072.14
3933,533.52
3934,5871.26
3935,3422.91
3936,5886.6
3937,3946.79
3938,12883
3939,4962.41
3940,8069.57
3941,3857.74
3942,3421.13
3943,4737.39
3944,5288.84
3945,10009.64
3946,1868.61
3947,6752.78
3948,3293.45
3949,397.6
3950,1130.2
3951,3528.88
3952,2696.05
3953,7062.57
3954,651.96
3955,11520.67
3956,1992.16
3957,1036.68
3958,6816.24
3959,2189.19
3960,4068.07
3961,2991.32
3962,7206.6
3963,6179.09
3964,1610.34
3965,1767.91
3966,1969.28
3967,2191.03
3968,3538.22
3969,5683.5
3970,8250.98
3971,1370.02
3972,1278.39
3973,1044.66
3974,3564.16
3975,1011.94
3976,2759.99
3977,6038.4
3978,2968.94
3979,4160.28
3980,3563.79
3981,1402.54
3982,10893.58
3983,4462
3984,4930.69
3985,486.97
3986,9052.37
3987,1008.1
3988,3436.94
3989,5479.21
3990,2053.2
3991,3968.24
3992,1339.83
3993,1394.25
3994,5102.04
3995,754.04
3996,1070.25
3997,2950.72
3998,3683.34
3999,6324.73
4000,897.21
4001,2125.01
4002,4227.3
4003,1252.55
4004,1434.29
4005,437.89
4006,11715.61
4007,1790.95
4008,77775.93
4009,1458.03
4010,1347.42
4011,6169.12
4012,2108.47
4013,7403.12
4014,10528.13
4015,3091.92
4016,2636.07
4017,2662.8
4018,13603.69
4019,13856.82
4020,6461.06
4021,21834.53
4022,2531.17
4023,2663.31
4024,1848.35
4025,16335.64
4026,11495.1
4027,1180.18
4028,1529.32
4029,839.08
4030,14741.83
4031,13034.09
4032,2596.58
4033,1783.98
4034,614.83
4035,889.63
4036,3539.1
4037,465.91
4038,2780.27
4039,3523.47
4040,584.93
4041,977.34
4042,4104.74
4043,865.64
4044,1550.69
4045,2910.4
4046,390.31
4047,6323.3
4048,4326.4
4049,1831.29
4050,7561.85
4051,2611.68
4052,583.35
4053,5445.98
4054,3623.17
4055,8616.82
4056,2282.42
4057,8722.84
4058,2145.24
4059,1134.77
4060,6800.44
4061,469.86
4062,2492.57
4063,4429.6
4064,1504.03
4065,1067.99
4066,1390.52
4067,874.27
4068,14492.06
4069,13090.68
4070,831.26
4071,1033.96
4072,1052.18
4073,1855.62
4074,3516.83
4075,3419.73
4076,8958.15
4077,8526.16
4078,8579.23
4079,9929.75
4080,4117.2
4081,1128.71
4082,43953.2
4083,21054.15
4084,1071.38
4085,13455.81
4086,3120.24
4087,5167.95
4088,1366.27
4089,7078.37
4090,3904.64
4091,2171.62
4092,2586.59
4093,1483.91
4094,3106.65
4095,834.42
4096,636.94
4097,925.69
4098,2356.92
4099,38150.97
4100,1358.08
4101,2995.97
4102,743.3
4103,4416.58
4104,3814.42
4105,1427.29
4106,1209.41
4107,6486.93
4108,8606.94
4109,4915.6
4110,4929.29
4111,16014.42
4112,5510.94
4113,3995.28
4114,1705.58
4115,3880.53
4116,4723.44
4117,10781.58
4118,1060.89
4119,2381.49
4120,2111.26
4121,550.63
4122,1239
4123,19038.96
4124,2111.92
4125,5431.35
4126,4266.01
4127,1610.16
4128,295.48
4129,3279.19
4130,662.25
4131,6575.74
4132,7528.6
4133,3476.97
4134,7872.16
4135,6114.04
4136,432.07
4137,5019.64
4138,446.42
4139,3049.29
4140,1955.41
4141,21028.94
4142,2216.08
4143,7000.07
4144,1407.17
4145,5641.81
4146,6830.03
4147,1025.19
4148,1034.24
4149,6291.93
4150,717.28
4151,11855.78
4152,33676.76
4153,4379.3
4154,2591.06
4155,31798.88
4156,4244.47
4157,35006.75
4158,1322.79
4159,1668.37
4160,8948.86
4161,3372.18
4162,470.4
4163,4140.65
4164,2600.48
4165,29533.02
4166,2076.79
4167,3259.62
4168,34052.3
4169,1935.07
4170,1431.19
4171,447.32
4172,8477.08
4173,2119.58
4174,4860.13
4175,1630.41
4176,2449.99
4177,2832.66
4178,2945.17
4179,13029.17
4180,6373.48
4181,2140.98
4182,2963.73
4183,2526.59
4184,819.4
4185,839.57
4186,2830.6
4187,4838.1
4188,9121.3
4189,2042.37
4190,2208.52
4191,924.28
4192,2453.94
4193,2850.49
4194,3012.84
4195,2362.12
4196,9047.64
4197,3604.68
4198,9900.92
4199,13702.95
4200,5958.96
4201,2159.3
4202,3349.06
4203,758.9
4204,537.29
4205,2503.37
4206,1244.09
4207,7299.44
4208,1621.33
4209,704.07
4210,2878.43
4211,9782.5
4212,2250.19
4213,4736.04
4214,15267.91
4215,2738.78
4216,2293.64
4217,5847.81
4218,3341.32
4219,5554.98
4220,5968.38
4221,3551.86
4222,1453.47
4223,3102.71
4224,3560.64
4225,1788.19
4226,10790.83
4227,1162.64
4228,4651.12
4229,2645.67
4230,1193.26
4231,5213.93
4232,2066.67
4233,857.38
4234,1267.9
4235,3364.44
4236,1225.77
4237,798.53
4238,14428.31
4239,3459.48
4240,2622.86
4241,149.27
4242,5222.03
4243,2525.92
4244,3828.22
4245,1435.11
4246,1306.39
4247,13499.4
4248,1224.64
4249,4162.86
4250,3558.31
4251,2560.49
4252,3030.73
4253,2366.66
4254,549.35
4255,8155.2
4256,2913.62
4257,9614.37
4258,4131.11
4259,2914.7
4260,6135.05
4261,6615.59
4262,3297.37
4263,5229.81
4264,9529.69
4265,2397.15
4266,3962.47
4267,23384.52
4268,3395.76
4269,3645.71
4270,1273.87
4271,4843.07
4272,1976.73
4273,7798.87
4274,4406.39
4275,2212.97
4276,5082.16
4277,10504.74
4278,5143.25
4279,6804.11
4280,3208.86
4281,752.05
4282,13649.58
4283,4349.21
4284,1154.27
4285,6334.03
4286,312.6
4287,2036.62
4288,10960
4289,887.59
4290,2700.06
4291,9818.7
4292,1033.87
4293,1121.87
4294,4313.08
4295,1448.21
4296,763.11
4297,3895.14
4298,1699.78
4299,867.62
4300,1566.73
4301,27261.71
4302,5958.56
4303,4003.89
4304,1594.95
4305,6751.77
4306,660.72
4307,5108.75
4308,3803.73
4309,1977.76
4310,4842.92
4311,7149.33
4312,1268.3
4313,3077.61
4314,3244.88
4315,5068.7
4316,11760.23
4317,3471.89
4318,4575.69
4319,4024.14
4320,8574.59
4321,9776.34
4322,1551.6
4323,3973.6
4324,7662.08
4325,2689.7
4326,1602.01
4327,2730.82
4328,29773.75
4329,2387.57
4330,1882.25
4331,1245.58
4332,5936.45
4333,15960.51
4334,2128.27
4335,249.16
4336,6974.3
4337,534.28
4338,5361.06
4339,3108.31
4340,1968.88
4341,1388.14
4342,4850.5
4343,1693.92
4344,1498.12
4345,27154.39
4346,3677.2
4347,4698.63
4348,4966.61
4349,727.11
4350,6127.36
4351,1881.16
4352,454.62
4353,7030.24
4354,4824.26
4355,6704.42
4356,18239.22
4357,1157.8
4358,761.55
4359,2534.39
4360,1284.7
4361,3072.15
4362,6187.46
4363,2305.82
4364,2872.49
4365,1208.48
4366,2520.13
4367,2886.25
4368,1287.62
4369,10319.53
4370,988.71
4371,2243.39
4372,5830.32
4373,1573.67
4374,8703.39
4375,2556.63
4376,2362.43
4377,11540.93
4378,2255.34
4379,1555.36
4380,980.83
4381,5432.08
4382,11259.31
4383,8119.12
4384,2969
4385,1265.65
4386,2343.45
4387,5143.72
4388,2324.68
4389,2277.01
4390,3947.06
4391,8231.17
4392,899.95
4393,1687.05
4394,1705.05
4395,2348.71
4396,14584.7
4397,1563.5
4398,2576.73
4399,523.2
4400,4242.85
4401,1917.89
4402,15453.98
4403,2647.96
4404,4865.57
4405,3258.72
4406,4802.73
4407,15568.66
4408,7348.99
4409,3525.6
4410,1211.31
4411,5859.6
4412,1674.49
4413,6160.51
4414,3572.04
4415,2983.15
4416,646.28
4417,7475.22
4418,1000.91
4419,476.17
4420,18387.34
4421,2222.75
4422,2551.44
4423,11327.94
4424,643.33
4425,343.98
4426,2255.05
4427,253.04
4428,578.41
4429,1210.84
4430,2996.8
4431,6131.1
4432,13409.44
4433,5750.39
4434,1612.91
4435,1391.57
4436,5525.31
4437,4214.03
4438,2512.84
4439,7736.36
4440,13382.55
4441,1315.27
4442,11229.82
4443,2524.7
4444,4016.71
4445,2373.94
4446,6799.77
4447,786.78
4448,716.89
4449,1580.8
4450,6369.03
4451,2432.15
4452,4850.59
4453,3285.43
4454,1786.53
4455,2638.69
4456,1451.45
4457,3880.65
4458,993.76
4459,1129.16
4460,777.29
4461,10271.72
4462,5930.84
4463,5668.79
4464,1787.98
4465,1800.39
4466,372.4
4467,834.01
4468,1688.66
4469,4561.47
4470,1589.5
4471,3967.59
4472,671.04
4473,608.98
4474,6199.9
4475,9014.7
4476,10417.54
4477,2809.79
4478,7905.31
4479,773.78
4480,2611.52
4481,10939.11
4482,6579.1
4483,5276.63
4484,2203.17
4485,4800.07
4486,5798.11
4487,1772.06
4488,3288.09
4489,4556.37
4490,8819.7
4491,889.64
4492,3497.53
4493,4539.84
4494,8193.68
4495,2530.88
4496,3378.64
4497,1183.44
4498,3199.74
4499,8820.59
4500,967.85
4501,1428.72
4502,952.23
4503,950.38
4504,1357.25
4505,5616.33
4506,8792.78
4507,1733.79
4508,5215.34
4509,7431.82
4510,1549.56
4511,530.31
4512,8453.26
4513,271.49
4514,621.11
4515,4743.96
4516,3813.41
4517,9657.32
4518,5339.68
4519,5980.91
4520,5382.15
4521,4000.83
4522,6578.18
4523,1316.49
4524,721.47
4525,811.46
4526,497.29
4527,9568.86
4528,8807.72
4529,1377.27
4530,2521.33
4531,853.25
4532,9230.22
4533,5254.19
4534,14722.22
4535,1804.84
4536,8589.36
4537,4329.4
4538,1086.73
4539,2934.9
4540,1921.14
4541,11826.41
4542,415.66
4543,4297.06
4544,493.28
4545,450.28
4546,27575.83
4547,326.98
4548,2776.43
4549,2346.58
4550,17806.53
4551,4000.83
4552,5503.41
4553,6573.77
4554,5028.83
4555,2150.44
4556,5550.89
4557,1551.58
4558,1663.45
4559,2003.56
4560,7323.11
4561,2332.9
4562,2881.37
4563,2766.96
4564,4950.61
4565,2600.38
4566,9831.15
4567,3014.45
4568,1561.69
4569,4060.57
4570,355.62
4571,1667.59
4572,1697.88
4573,4623.68
4574,831.25
4575,1523.4
4576,1644.27
4577,401.75
4578,15937.45
4579,1250.97
4580,5446.93
4581,1174.06
4582,1556.78
4583,6431.65
4584,495.7
4585,605.91
4586,2958.39
4587,2384.48
4588,1695.26
4589,3137.64
4590,2946.48
4591,1652.03
4592,179.99
4593,1271.78
4594,17231.64
4595,624.61
4596,1156.42
4597,5411.86
4598,4754.05
4599,2004.78
4600,1396.25
4601,3411.46
4602,11279.84
4603,1589.46
4604,6611.23
4605,2132.35
4606,1175.71
4607,1051.15
4608,1264.88
4609,26994.4
4610,13176.45
4611,4791.04
4612,1406.27
4613,1421.21
4614,2018.62
4615,3188.83
4616,12459.55
4617,1699.58
4618,2502.96
4619,6025.05
4620,1837.35
4621,6947.71
4622,3506.15
4623,5774.9
4624,1193.58
4625,1617.48
4626,5847.2
4627,5727.13
4628,447.79
4629,2761.32
4630,3851.08
4631,1374.95
4632,5391.74
4633,3351.8
4634,391.81
4635,1800.81
4636,861.43
4637,1943.51
4638,1447.85
4639,1139.42
4640,3622.3
4641,2201.88
4642,4370.69
4643,3119.3
4644,9054.94
4645,5892.21
4646,1851.94
4647,9898.16
4648,2470.99
4649,5393.04
4650,2082.37
4651,973.54
4652,4338.3
4653,1640.06
4654,1044.52
4655,2167.87
4656,3818.1
4657,3764.98
4658,1047.38
4659,792.23
4660,1897.84
4661,215.82
4662,35627.7
4663,5899.75
4664,5399.82
4665,3569.62
4666,870.11
4667,4268.22
4668,6138.1
4669,6049.17
4670,7092.09
4671,7498.85
4672,2628.05
4673,7511.98
4674,1550.83
4675,2283.05
4676,1412.95
4677,4351.26
4678,1772.46
4679,10574.34
4680,894.91
4681,127.67
4682,3532.83
4683,4415.71
4684,32136.67
4685,12819.48
4686,2646.11
4687,3265.79
4688,5091.21
4689,12287.64
4690,491.9
4691,4627.24
4692,5225.16
4693,7642.35
4694,308.68
4695,1181.37
4696,12790.05
4697,2930.29
4698,3168.6
4699,5216.25
4700,11467.28
4701,1611.93
4702,2087.55
4703,533.06
4704,2352.75
4705,5070.99
4706,850.66
4707,2096.62
4708,634.61
4709,4189.32
4710,4204.52
4711,2444.4
4712,3582.68
4713,590.44
4714,1234.47
4715,755.33
4716,2252.27
4717,12352.48
4718,3772.31
4719,89.18
4720,426.95
4721,967.66
4722,4444.91
4723,26299.93
4724,2123.23
4725,1254.2
4726,3127.48
4727,2941.49
4728,7295.77
4729,1812.98
4730,3286.33
4731,5303.26
4732,2497.38
4733,3876.8
4734,2283.82
4735,3744.15
4736,3138.54
4737,9721.55
4738,2363.55
4739,5511.14
4740,2049.65
4741,4333.48
4742,8849.24
4743,5845
4744,11258.49
4745,7710.45
4746,3833.72
4747,2456.91
4748,6996.99
4749,21725.68
4750,1091.23
4751,846.64
4752,5508.27
4753,4309.94
4754,4822.4
4755,1084.22
4756,2059.5
4757,1282.22
4758,2220.42
4759,4012.39
4760,207.96
4761,9275.34
4762,1608.19
4763,491.59
4764,2229.97
4765,7172.19
4766,2685.84
4767,4790.22
4768,4813.66
4769,2086.18
4770,5432.61
4771,2319.06
4772,931.78
4773,2510.51
4774,2677.22
4775,1529.34
4776,3717.09
4777,2029.46
4778,1603.33
4779,4999.02
4780,2748.49
4781,6978.65
4782,605.6
4783,1780.99
4784,4859.81
4785,2114.01
4786,2613.17
4787,1602.6
4788,679.11
4789,5627.96
4790,2460.52
4791,805.37
4792,3395.77
4793,1127.07
4794,8983.69
4795,376.31
4796,7206.83
4797,13457.48
4798,1114.74
4799,2081.39
4800,7713.81
4801,1918.71
4802,4989.15
4803,1239.27
4804,37824.6
4805,961.42
4806,2727.88
4807,14585.83
4808,6019.55
4809,8344.79
4810,4599.05
4811,1530.96
4812,2196.37
4813,2183.47
4814,11343.44
4815,6116.32
4816,4527.59
4817,5737.82
4818,4305.25
4819,676.7
4820,1479.74
4821,4204.24
4822,1909.48
4823,5274.93
4824,2337.29
4825,702.83
4826,5438.73
4827,1713.74
4828,2137.57
4829,2646.91
4830,6632.62
4831,771.97
4832,1231.08
4833,2050.03
4834,2248.98
4835,1156.46
4836,2632.89
4837,720.62
4838,3499.98
4839,384.14
4840,3808.88
4841,3740.75
4842,2448.64
